period,observed_days,origin,destination,origin_gangwon,destination_gangwon,daily_trips,period_trips
평일,5,춘천시,춘천시,True,True,35074.4,175372
평일,5,춘천시,원주시,True,True,521.6,2608
평일,5,춘천시,강릉시,True,True,94.4,472
평일,5,춘천시,동해시,True,True,16.2,81
평일,5,춘천시,태백시,True,True,7.8,39
평일,5,춘천시,속초시,True,True,83.0,415
평일,5,춘천시,삼척시,True,True,14.0,70
평일,5,춘천시,홍천군,True,True,1146.2,5731
평일,5,춘천시,횡성군,True,True,155.0,775
평일,5,춘천시,영월군,True,True,18.8,94
평일,5,춘천시,평창군,True,True,37.6,188
평일,5,춘천시,정선군,True,True,20.0,100
평일,5,춘천시,철원군,True,True,67.0,335
평일,5,춘천시,화천군,True,True,516.0,2580
평일,5,춘천시,양구군,True,True,220.6,1103
평일,5,춘천시,인제군,True,True,230.4,1152
평일,5,춘천시,고성군,True,True,35.6,178
평일,5,춘천시,양양군,True,True,102.8,514
평일,5,원주시,춘천시,True,True,519.8,2599
평일,5,원주시,원주시,True,True,45586.6,227933
평일,5,원주시,강릉시,True,True,251.8,1259
평일,5,원주시,동해시,True,True,41.8,209
평일,5,원주시,태백시,True,True,51.8,259
평일,5,원주시,속초시,True,True,43.2,216
평일,5,원주시,삼척시,True,True,28.0,140
평일,5,원주시,홍천군,True,True,318.6,1593
평일,5,원주시,횡성군,True,True,1414.0,7070
평일,5,원주시,영월군,True,True,264.6,1323
평일,5,원주시,평창군,True,True,333.8,1669
평일,5,원주시,정선군,True,True,131.6,658
평일,5,원주시,철원군,True,True,15.2,76
평일,5,원주시,화천군,True,True,24.6,123
평일,5,원주시,양구군,True,True,17.0,85
평일,5,원주시,인제군,True,True,68.6,343
평일,5,원주시,고성군,True,True,18.8,94
평일,5,원주시,양양군,True,True,30.0,150
평일,5,강릉시,춘천시,True,True,87.8,439
평일,5,강릉시,원주시,True,True,213.0,1065
평일,5,강릉시,강릉시,True,True,23945.6,119728
평일,5,강릉시,동해시,True,True,589.6,2948
평일,5,강릉시,태백시,True,True,42.2,211
평일,5,강릉시,속초시,True,True,277.8,1389
평일,5,강릉시,삼척시,True,True,197.2,986
평일,5,강릉시,홍천군,True,True,70.6,353
평일,5,강릉시,횡성군,True,True,134.8,674
평일,5,강릉시,영월군,True,True,13.0,65
평일,5,강릉시,평창군,True,True,481.4,2407
평일,5,강릉시,정선군,True,True,91.0,455
평일,5,강릉시,철원군,True,True,2.8,14
평일,5,강릉시,화천군,True,True,6.2,31
평일,5,강릉시,양구군,True,True,4.8,24
평일,5,강릉시,인제군,True,True,72.2,361
평일,5,강릉시,고성군,True,True,73.2,366
평일,5,강릉시,양양군,True,True,538.6,2693
평일,5,동해시,춘천시,True,True,20.2,101
평일,5,동해시,원주시,True,True,38.6,193
평일,5,동해시,강릉시,True,True,509.8,2549
평일,5,동해시,동해시,True,True,4617.8,23089
평일,5,동해시,태백시,True,True,41.0,205
평일,5,동해시,속초시,True,True,22.0,110
평일,5,동해시,삼척시,True,True,650.6,3253
평일,5,동해시,홍천군,True,True,8.6,43
평일,5,동해시,횡성군,True,True,19.6,98
평일,5,동해시,영월군,True,True,8.2,41
평일,5,동해시,평창군,True,True,41.8,209
평일,5,동해시,정선군,True,True,36.4,182
평일,5,동해시,철원군,True,True,0.8,4
평일,5,동해시,화천군,True,True,0.4,2
평일,5,동해시,양구군,True,True,1.4,7
평일,5,동해시,인제군,True,True,8.6,43
평일,5,동해시,고성군,True,True,8.0,40
평일,5,동해시,양양군,True,True,35.8,179
평일,5,태백시,춘천시,True,True,7.6,38
평일,5,태백시,원주시,True,True,53.8,269
평일,5,태백시,강릉시,True,True,44.0,220
평일,5,태백시,동해시,True,True,36.4,182
평일,5,태백시,태백시,True,True,2050.6,10253
평일,5,태백시,속초시,True,True,2.6,13
평일,5,태백시,삼척시,True,True,99.0,495
평일,5,태백시,홍천군,True,True,1.6,8
평일,5,태백시,횡성군,True,True,2.2,11
평일,5,태백시,영월군,True,True,57.6,288
평일,5,태백시,평창군,True,True,9.4,47
평일,5,태백시,정선군,True,True,207.2,1036
평일,5,태백시,철원군,True,True,0.6,3
평일,5,태백시,화천군,True,True,0.0,0
평일,5,태백시,양구군,True,True,0.0,0
평일,5,태백시,인제군,True,True,0.2,1
평일,5,태백시,고성군,True,True,0.6,3
평일,5,태백시,양양군,True,True,3.4,17
평일,5,속초시,춘천시,True,True,87.2,436
평일,5,속초시,원주시,True,True,40.2,201
평일,5,속초시,강릉시,True,True,303.4,1517
평일,5,속초시,동해시,True,True,27.0,135
평일,5,속초시,태백시,True,True,2.8,14
평일,5,속초시,속초시,True,True,10817.6,54088
평일,5,속초시,삼척시,True,True,13.2,66
평일,5,속초시,홍천군,True,True,109.8,549
평일,5,속초시,횡성군,True,True,10.4,52
평일,5,속초시,영월군,True,True,1.6,8
평일,5,속초시,평창군,True,True,25.0,125
평일,5,속초시,정선군,True,True,8.4,42
평일,5,속초시,철원군,True,True,3.8,19
평일,5,속초시,화천군,True,True,3.8,19
평일,5,속초시,양구군,True,True,10.2,51
평일,5,속초시,인제군,True,True,204.6,1023
평일,5,속초시,고성군,True,True,1099.8,5499
평일,5,속초시,양양군,True,True,793.8,3969
평일,5,삼척시,춘천시,True,True,13.6,68
평일,5,삼척시,원주시,True,True,26.8,134
평일,5,삼척시,강릉시,True,True,212.6,1063
평일,5,삼척시,동해시,True,True,539.8,2699
평일,5,삼척시,태백시,True,True,117.2,586
평일,5,삼척시,속초시,True,True,16.8,84
평일,5,삼척시,삼척시,True,True,3321.0,16605
평일,5,삼척시,홍천군,True,True,6.6,33
평일,5,삼척시,횡성군,True,True,11.6,58
평일,5,삼척시,영월군,True,True,15.8,79
평일,5,삼척시,평창군,True,True,21.2,106
평일,5,삼척시,정선군,True,True,50.2,251
평일,5,삼척시,철원군,True,True,0.4,2
평일,5,삼척시,화천군,True,True,0.2,1
평일,5,삼척시,양구군,True,True,1.2,6
평일,5,삼척시,인제군,True,True,5.2,26
평일,5,삼척시,고성군,True,True,4.0,20
평일,5,삼척시,양양군,True,True,20.0,100
평일,5,홍천군,춘천시,True,True,1104.6,5523
평일,5,홍천군,원주시,True,True,328.0,1640
평일,5,홍천군,강릉시,True,True,66.6,333
평일,5,홍천군,동해시,True,True,6.8,34
평일,5,홍천군,태백시,True,True,1.8,9
평일,5,홍천군,속초시,True,True,111.4,557
평일,5,홍천군,삼척시,True,True,4.6,23
평일,5,홍천군,홍천군,True,True,7641.8,38209
평일,5,홍천군,횡성군,True,True,196.2,981
평일,5,홍천군,영월군,True,True,5.4,27
평일,5,홍천군,평창군,True,True,47.0,235
평일,5,홍천군,정선군,True,True,4.4,22
평일,5,홍천군,철원군,True,True,5.4,27
평일,5,홍천군,화천군,True,True,18.4,92
평일,5,홍천군,양구군,True,True,24.6,123
평일,5,홍천군,인제군,True,True,494.0,2470
평일,5,홍천군,고성군,True,True,45.0,225
평일,5,홍천군,양양군,True,True,263.8,1319
평일,5,횡성군,춘천시,True,True,139.4,697
평일,5,횡성군,원주시,True,True,1213.6,6068
평일,5,횡성군,강릉시,True,True,126.2,631
평일,5,횡성군,동해시,True,True,18.8,94
평일,5,횡성군,태백시,True,True,2.8,14
평일,5,횡성군,속초시,True,True,9.2,46
평일,5,횡성군,삼척시,True,True,10.6,53
평일,5,횡성군,홍천군,True,True,230.2,1151
평일,5,횡성군,횡성군,True,True,4734.6,23673
평일,5,횡성군,영월군,True,True,19.4,97
평일,5,횡성군,평창군,True,True,359.4,1797
평일,5,횡성군,정선군,True,True,20.0,100
평일,5,횡성군,철원군,True,True,1.6,8
평일,5,횡성군,화천군,True,True,5.6,28
평일,5,횡성군,양구군,True,True,6.8,34
평일,5,횡성군,인제군,True,True,25.0,125
평일,5,횡성군,고성군,True,True,4.2,21
평일,5,횡성군,양양군,True,True,12.2,61
평일,5,영월군,춘천시,True,True,15.8,79
평일,5,영월군,원주시,True,True,231.4,1157
평일,5,영월군,강릉시,True,True,14.6,73
평일,5,영월군,동해시,True,True,6.2,31
평일,5,영월군,태백시,True,True,55.2,276
평일,5,영월군,속초시,True,True,1.8,9
평일,5,영월군,삼척시,True,True,10.2,51
평일,5,영월군,홍천군,True,True,7.0,35
평일,5,영월군,횡성군,True,True,18.8,94
평일,5,영월군,영월군,True,True,3049.6,15248
평일,5,영월군,평창군,True,True,83.6,418
평일,5,영월군,정선군,True,True,235.0,1175
평일,5,영월군,철원군,True,True,1.4,7
평일,5,영월군,화천군,True,True,0.4,2
평일,5,영월군,양구군,True,True,0.4,2
평일,5,영월군,인제군,True,True,1.6,8
평일,5,영월군,고성군,True,True,1.0,5
평일,5,영월군,양양군,True,True,2.4,12
평일,5,평창군,춘천시,True,True,32.6,163
평일,5,평창군,원주시,True,True,298.0,1490
평일,5,평창군,강릉시,True,True,532.4,2662
평일,5,평창군,동해시,True,True,40.0,200
평일,5,평창군,태백시,True,True,6.8,34
평일,5,평창군,속초시,True,True,26.6,133
평일,5,평창군,삼척시,True,True,21.4,107
평일,5,평창군,홍천군,True,True,51.8,259
평일,5,평창군,횡성군,True,True,310.4,1552
평일,5,평창군,영월군,True,True,71.0,355
평일,5,평창군,평창군,True,True,5360.6,26803
평일,5,평창군,정선군,True,True,117.6,588
평일,5,평창군,철원군,True,True,1.4,7
평일,5,평창군,화천군,True,True,1.2,6
평일,5,평창군,양구군,True,True,0.8,4
평일,5,평창군,인제군,True,True,9.6,48
평일,5,평창군,고성군,True,True,7.4,37
평일,5,평창군,양양군,True,True,33.4,167
평일,5,정선군,춘천시,True,True,18.4,92
평일,5,정선군,원주시,True,True,139.8,699
평일,5,정선군,강릉시,True,True,82.4,412
평일,5,정선군,동해시,True,True,33.8,169
평일,5,정선군,태백시,True,True,205.6,1028
평일,5,정선군,속초시,True,True,5.4,27
평일,5,정선군,삼척시,True,True,50.2,251
평일,5,정선군,홍천군,True,True,7.6,38
평일,5,정선군,횡성군,True,True,23.8,119
평일,5,정선군,영월군,True,True,206.0,1030
평일,5,정선군,평창군,True,True,103.0,515
평일,5,정선군,정선군,True,True,3140.8,15704
평일,5,정선군,철원군,True,True,1.0,5
평일,5,정선군,화천군,True,True,0.6,3
평일,5,정선군,양구군,True,True,0.4,2
평일,5,정선군,인제군,True,True,1.4,7
평일,5,정선군,고성군,True,True,1.0,5
평일,5,정선군,양양군,True,True,9.4,47
평일,5,철원군,춘천시,True,True,65.8,329
평일,5,철원군,원주시,True,True,15.2,76
평일,5,철원군,강릉시,True,True,4.0,20
평일,5,철원군,동해시,True,True,0.4,2
평일,5,철원군,태백시,True,True,0.4,2
평일,5,철원군,속초시,True,True,2.8,14
평일,5,철원군,삼척시,True,True,0.0,0
평일,5,철원군,홍천군,True,True,7.2,36
평일,5,철원군,횡성군,True,True,5.2,26
평일,5,철원군,영월군,True,True,2.8,14
평일,5,철원군,평창군,True,True,1.0,5
평일,5,철원군,정선군,True,True,1.0,5
평일,5,철원군,철원군,True,True,4374.0,21870
평일,5,철원군,화천군,True,True,66.6,333
평일,5,철원군,양구군,True,True,4.4,22
평일,5,철원군,인제군,True,True,3.8,19
평일,5,철원군,고성군,True,True,1.8,9
평일,5,철원군,양양군,True,True,1.8,9
평일,5,화천군,춘천시,True,True,494.4,2472
평일,5,화천군,원주시,True,True,19.0,95
평일,5,화천군,강릉시,True,True,4.0,20
평일,5,화천군,동해시,True,True,0.4,2
평일,5,화천군,태백시,True,True,0.4,2
평일,5,화천군,속초시,True,True,3.0,15
평일,5,화천군,삼척시,True,True,0.2,1
평일,5,화천군,홍천군,True,True,16.8,84
평일,5,화천군,횡성군,True,True,8.2,41
평일,5,화천군,영월군,True,True,0.8,4
평일,5,화천군,평창군,True,True,1.4,7
평일,5,화천군,정선군,True,True,0.6,3
평일,5,화천군,철원군,True,True,62.6,313
평일,5,화천군,화천군,True,True,1703.8,8519
평일,5,화천군,양구군,True,True,58.6,293
평일,5,화천군,인제군,True,True,10.6,53
평일,5,화천군,고성군,True,True,4.0,20
평일,5,화천군,양양군,True,True,1.6,8
평일,5,양구군,춘천시,True,True,196.8,984
평일,5,양구군,원주시,True,True,17.6,88
평일,5,양구군,강릉시,True,True,6.8,34
평일,5,양구군,동해시,True,True,1.0,5
평일,5,양구군,태백시,True,True,0.2,1
평일,5,양구군,속초시,True,True,8.8,44
평일,5,양구군,삼척시,True,True,0.2,1
평일,5,양구군,홍천군,True,True,19.2,96
평일,5,양구군,횡성군,True,True,5.8,29
평일,5,양구군,영월군,True,True,0.6,3
평일,5,양구군,평창군,True,True,1.4,7
평일,5,양구군,정선군,True,True,1.0,5
평일,5,양구군,철원군,True,True,7.6,38
평일,5,양구군,화천군,True,True,47.0,235
평일,5,양구군,양구군,True,True,1588.0,7940
평일,5,양구군,인제군,True,True,66.6,333
평일,5,양구군,고성군,True,True,8.0,40
평일,5,양구군,양양군,True,True,3.6,18
평일,5,인제군,춘천시,True,True,225.8,1129
평일,5,인제군,원주시,True,True,65.4,327
평일,5,인제군,강릉시,True,True,80.8,404
평일,5,인제군,동해시,True,True,8.6,43
평일,5,인제군,태백시,True,True,1.2,6
평일,5,인제군,속초시,True,True,269.8,1349
평일,5,인제군,삼척시,True,True,5.0,25
평일,5,인제군,홍천군,True,True,388.0,1940
평일,5,인제군,횡성군,True,True,23.6,118
평일,5,인제군,영월군,True,True,1.6,8
평일,5,인제군,평창군,True,True,9.6,48
평일,5,인제군,정선군,True,True,1.4,7
평일,5,인제군,철원군,True,True,5.0,25
평일,5,인제군,화천군,True,True,10.2,51
평일,5,인제군,양구군,True,True,78.2,391
평일,5,인제군,인제군,True,True,3617.4,18087
평일,5,인제군,고성군,True,True,165.2,826
평일,5,인제군,양양군,True,True,414.8,2074
평일,5,고성군,춘천시,True,True,35.0,175
평일,5,고성군,원주시,True,True,18.8,94
평일,5,고성군,강릉시,True,True,83.2,416
평일,5,고성군,동해시,True,True,9.8,49
평일,5,고성군,태백시,True,True,1.2,6
평일,5,고성군,속초시,True,True,1109.0,5545
평일,5,고성군,삼척시,True,True,4.0,20
평일,5,고성군,홍천군,True,True,44.6,223
평일,5,고성군,횡성군,True,True,5.6,28
평일,5,고성군,영월군,True,True,1.0,5
평일,5,고성군,평창군,True,True,8.4,42
평일,5,고성군,정선군,True,True,3.4,17
평일,5,고성군,철원군,True,True,2.0,10
평일,5,고성군,화천군,True,True,4.2,21
평일,5,고성군,양구군,True,True,7.4,37
평일,5,고성군,인제군,True,True,123.0,615
평일,5,고성군,고성군,True,True,3481.4,17407
평일,5,고성군,양양군,True,True,103.2,516
평일,5,양양군,춘천시,True,True,84.2,421
평일,5,양양군,원주시,True,True,33.4,167
평일,5,양양군,강릉시,True,True,660.4,3302
평일,5,양양군,동해시,True,True,32.4,162
평일,5,양양군,태백시,True,True,2.0,10
평일,5,양양군,속초시,True,True,1154.8,5774
평일,5,양양군,삼척시,True,True,15.4,77
평일,5,양양군,홍천군,True,True,203.4,1017
평일,5,양양군,횡성군,True,True,14.2,71
평일,5,양양군,영월군,True,True,1.6,8
평일,5,양양군,평창군,True,True,34.8,174
평일,5,양양군,정선군,True,True,6.0,30
평일,5,양양군,철원군,True,True,2.2,11
평일,5,양양군,화천군,True,True,1.6,8
평일,5,양양군,양구군,True,True,3.4,17
평일,5,양양군,인제군,True,True,282.0,1410
평일,5,양양군,고성군,True,True,122.8,614
평일,5,양양군,양양군,True,True,4430.2,22151
평일,5,서울,춘천시,False,True,1616.6,8083
평일,5,서울,원주시,False,True,1305.8,6529
평일,5,서울,강릉시,False,True,274.4,1372
평일,5,서울,동해시,False,True,57.4,287
평일,5,서울,태백시,False,True,39.2,196
평일,5,서울,속초시,False,True,229.4,1147
평일,5,서울,삼척시,False,True,45.0,225
평일,5,서울,홍천군,False,True,738.8,3694
평일,5,서울,횡성군,False,True,330.2,1651
평일,5,서울,영월군,False,True,82.2,411
평일,5,서울,평창군,False,True,247.6,1238
평일,5,서울,정선군,False,True,159.6,798
평일,5,서울,철원군,False,True,277.4,1387
평일,5,서울,화천군,False,True,90.0,450
평일,5,서울,양구군,False,True,50.0,250
평일,5,서울,인제군,False,True,241.2,1206
평일,5,서울,고성군,False,True,88.2,441
평일,5,서울,양양군,False,True,238.2,1191
평일,5,부산,춘천시,False,True,7.2,36
평일,5,부산,원주시,False,True,21.2,106
평일,5,부산,강릉시,False,True,13.0,65
평일,5,부산,동해시,False,True,5.6,28
평일,5,부산,태백시,False,True,3.6,18
평일,5,부산,속초시,False,True,4.4,22
평일,5,부산,삼척시,False,True,10.8,54
평일,5,부산,홍천군,False,True,3.4,17
평일,5,부산,횡성군,False,True,2.4,12
평일,5,부산,영월군,False,True,2.8,14
평일,5,부산,평창군,False,True,2.8,14
평일,5,부산,정선군,False,True,9.2,46
평일,5,부산,철원군,False,True,1.4,7
평일,5,부산,화천군,False,True,0.6,3
평일,5,부산,양구군,False,True,0.2,1
평일,5,부산,인제군,False,True,2.2,11
평일,5,부산,고성군,False,True,0.6,3
평일,5,부산,양양군,False,True,4.4,22
평일,5,대구,춘천시,False,True,16.2,81
평일,5,대구,원주시,False,True,49.2,246
평일,5,대구,강릉시,False,True,8.4,42
평일,5,대구,동해시,False,True,8.8,44
평일,5,대구,태백시,False,True,15.0,75
평일,5,대구,속초시,False,True,3.6,18
평일,5,대구,삼척시,False,True,10.0,50
평일,5,대구,홍천군,False,True,9.6,48
평일,5,대구,횡성군,False,True,6.0,30
평일,5,대구,영월군,False,True,6.2,31
평일,5,대구,평창군,False,True,7.4,37
평일,5,대구,정선군,False,True,18.0,90
평일,5,대구,철원군,False,True,1.8,9
평일,5,대구,화천군,False,True,1.4,7
평일,5,대구,양구군,False,True,1.6,8
평일,5,대구,인제군,False,True,4.2,21
평일,5,대구,고성군,False,True,1.6,8
평일,5,대구,양양군,False,True,3.0,15
평일,5,인천,춘천시,False,True,175.4,877
평일,5,인천,원주시,False,True,273.4,1367
평일,5,인천,강릉시,False,True,78.4,392
평일,5,인천,동해시,False,True,19.6,98
평일,5,인천,태백시,False,True,12.0,60
평일,5,인천,속초시,False,True,37.0,185
평일,5,인천,삼척시,False,True,11.4,57
평일,5,인천,홍천군,False,True,91.8,459
평일,5,인천,횡성군,False,True,62.8,314
평일,5,인천,영월군,False,True,32.6,163
평일,5,인천,평창군,False,True,58.0,290
평일,5,인천,정선군,False,True,37.8,189
평일,5,인천,철원군,False,True,57.8,289
평일,5,인천,화천군,False,True,22.8,114
평일,5,인천,양구군,False,True,7.2,36
평일,5,인천,인제군,False,True,37.4,187
평일,5,인천,고성군,False,True,12.0,60
평일,5,인천,양양군,False,True,36.2,181
평일,5,광주,춘천시,False,True,3.0,15
평일,5,광주,원주시,False,True,7.8,39
평일,5,광주,강릉시,False,True,2.6,13
평일,5,광주,동해시,False,True,1.2,6
평일,5,광주,태백시,False,True,1.2,6
평일,5,광주,속초시,False,True,1.0,5
평일,5,광주,삼척시,False,True,0.8,4
평일,5,광주,홍천군,False,True,2.0,10
평일,5,광주,횡성군,False,True,1.2,6
평일,5,광주,영월군,False,True,0.8,4
평일,5,광주,평창군,False,True,2.4,12
평일,5,광주,정선군,False,True,1.4,7
평일,5,광주,철원군,False,True,1.6,8
평일,5,광주,화천군,False,True,0.8,4
평일,5,광주,양구군,False,True,0.4,2
평일,5,광주,인제군,False,True,1.2,6
평일,5,광주,고성군,False,True,0.4,2
평일,5,광주,양양군,False,True,1.2,6
평일,5,대전,춘천시,False,True,22.2,111
평일,5,대전,원주시,False,True,70.4,352
평일,5,대전,강릉시,False,True,17.0,85
평일,5,대전,동해시,False,True,3.6,18
평일,5,대전,태백시,False,True,3.6,18
평일,5,대전,속초시,False,True,4.8,24
평일,5,대전,삼척시,False,True,2.4,12
평일,5,대전,홍천군,False,True,12.4,62
평일,5,대전,횡성군,False,True,8.2,41
평일,5,대전,영월군,False,True,6.8,34
평일,5,대전,평창군,False,True,10.6,53
평일,5,대전,정선군,False,True,7.4,37
평일,5,대전,철원군,False,True,5.2,26
평일,5,대전,화천군,False,True,2.6,13
평일,5,대전,양구군,False,True,2.0,10
평일,5,대전,인제군,False,True,6.6,33
평일,5,대전,고성군,False,True,4.6,23
평일,5,대전,양양군,False,True,2.6,13
평일,5,울산,춘천시,False,True,4.8,24
평일,5,울산,원주시,False,True,13.2,66
평일,5,울산,강릉시,False,True,7.8,39
평일,5,울산,동해시,False,True,6.8,34
평일,5,울산,태백시,False,True,2.8,14
평일,5,울산,속초시,False,True,1.4,7
평일,5,울산,삼척시,False,True,12.6,63
평일,5,울산,홍천군,False,True,3.0,15
평일,5,울산,횡성군,False,True,1.8,9
평일,5,울산,영월군,False,True,2.2,11
평일,5,울산,평창군,False,True,1.2,6
평일,5,울산,정선군,False,True,6.2,31
평일,5,울산,철원군,False,True,0.6,3
평일,5,울산,화천군,False,True,0.2,1
평일,5,울산,양구군,False,True,1.0,5
평일,5,울산,인제군,False,True,1.2,6
평일,5,울산,고성군,False,True,0.2,1
평일,5,울산,양양군,False,True,2.6,13
평일,5,세종,춘천시,False,True,10.4,52
평일,5,세종,원주시,False,True,30.4,152
평일,5,세종,강릉시,False,True,7.0,35
평일,5,세종,동해시,False,True,1.8,9
평일,5,세종,태백시,False,True,0.4,2
평일,5,세종,속초시,False,True,1.4,7
평일,5,세종,삼척시,False,True,1.0,5
평일,5,세종,홍천군,False,True,5.2,26
평일,5,세종,횡성군,False,True,3.8,19
평일,5,세종,영월군,False,True,4.0,20
평일,5,세종,평창군,False,True,2.4,12
평일,5,세종,정선군,False,True,4.8,24
평일,5,세종,철원군,False,True,0.8,4
평일,5,세종,화천군,False,True,0.2,1
평일,5,세종,양구군,False,True,0.2,1
평일,5,세종,인제군,False,True,2.6,13
평일,5,세종,고성군,False,True,1.4,7
평일,5,세종,양양군,False,True,0.8,4
평일,5,경기,춘천시,False,True,3459.6,17298
평일,5,경기,원주시,False,True,5473.2,27366
평일,5,경기,강릉시,False,True,757.8,3789
평일,5,경기,동해시,False,True,160.0,800
평일,5,경기,태백시,False,True,87.6,438
평일,5,경기,속초시,False,True,416.8,2084
평일,5,경기,삼척시,False,True,102.2,511
평일,5,경기,홍천군,False,True,1754.6,8773
평일,5,경기,횡성군,False,True,1060.8,5304
평일,5,경기,영월군,False,True,295.2,1476
평일,5,경기,평창군,False,True,628.6,3143
평일,5,경기,정선군,False,True,356.8,1784
평일,5,경기,철원군,False,True,1828.4,9142
평일,5,경기,화천군,False,True,269.8,1349
평일,5,경기,양구군,False,True,110.0,550
평일,5,경기,인제군,False,True,490.6,2453
평일,5,경기,고성군,False,True,167.0,835
평일,5,경기,양양군,False,True,405.4,2027
평일,5,충북,춘천시,False,True,109.4,547
평일,5,충북,원주시,False,True,1610.6,8053
평일,5,충북,강릉시,False,True,70.4,352
평일,5,충북,동해시,False,True,24.2,121
평일,5,충북,태백시,False,True,50.6,253
평일,5,충북,속초시,False,True,22.4,112
평일,5,충북,삼척시,False,True,27.4,137
평일,5,충북,홍천군,False,True,77.0,385
평일,5,충북,횡성군,False,True,92.2,461
평일,5,충북,영월군,False,True,589.2,2946
평일,5,충북,평창군,False,True,96.6,483
평일,5,충북,정선군,False,True,225.8,1129
평일,5,충북,철원군,False,True,11.4,57
평일,5,충북,화천군,False,True,10.0,50
평일,5,충북,양구군,False,True,5.2,26
평일,5,충북,인제군,False,True,27.2,136
평일,5,충북,고성군,False,True,10.8,54
평일,5,충북,양양군,False,True,19.0,95
평일,5,충남,춘천시,False,True,57.6,288
평일,5,충남,원주시,False,True,165.2,826
평일,5,충남,강릉시,False,True,39.4,197
평일,5,충남,동해시,False,True,12.6,63
평일,5,충남,태백시,False,True,9.0,45
평일,5,충남,속초시,False,True,13.8,69
평일,5,충남,삼척시,False,True,5.2,26
평일,5,충남,홍천군,False,True,29.8,149
평일,5,충남,횡성군,False,True,30.0,150
평일,5,충남,영월군,False,True,24.0,120
평일,5,충남,평창군,False,True,27.2,136
평일,5,충남,정선군,False,True,29.6,148
평일,5,충남,철원군,False,True,13.6,68
평일,5,충남,화천군,False,True,6.0,30
평일,5,충남,양구군,False,True,5.0,25
평일,5,충남,인제군,False,True,16.0,80
평일,5,충남,고성군,False,True,5.4,27
평일,5,충남,양양군,False,True,10.4,52
평일,5,전북,춘천시,False,True,12.2,61
평일,5,전북,원주시,False,True,33.4,167
평일,5,전북,강릉시,False,True,8.4,42
평일,5,전북,동해시,False,True,4.2,21
평일,5,전북,태백시,False,True,1.4,7
평일,5,전북,속초시,False,True,3.8,19
평일,5,전북,삼척시,False,True,1.4,7
평일,5,전북,홍천군,False,True,5.0,25
평일,5,전북,횡성군,False,True,6.8,34
평일,5,전북,영월군,False,True,4.8,24
평일,5,전북,평창군,False,True,6.2,31
평일,5,전북,정선군,False,True,5.2,26
평일,5,전북,철원군,False,True,4.0,20
평일,5,전북,화천군,False,True,2.8,14
평일,5,전북,양구군,False,True,1.0,5
평일,5,전북,인제군,False,True,4.0,20
평일,5,전북,고성군,False,True,0.8,4
평일,5,전북,양양군,False,True,2.0,10
평일,5,전남,춘천시,False,True,7.6,38
평일,5,전남,원주시,False,True,15.6,78
평일,5,전남,강릉시,False,True,3.6,18
평일,5,전남,동해시,False,True,0.6,3
평일,5,전남,태백시,False,True,1.4,7
평일,5,전남,속초시,False,True,1.2,6
평일,5,전남,삼척시,False,True,1.6,8
평일,5,전남,홍천군,False,True,3.6,18
평일,5,전남,횡성군,False,True,4.2,21
평일,5,전남,영월군,False,True,3.2,16
평일,5,전남,평창군,False,True,3.8,19
평일,5,전남,정선군,False,True,2.6,13
평일,5,전남,철원군,False,True,1.0,5
평일,5,전남,화천군,False,True,0.6,3
평일,5,전남,양구군,False,True,0.4,2
평일,5,전남,인제군,False,True,2.0,10
평일,5,전남,고성군,False,True,0.4,2
평일,5,전남,양양군,False,True,0.6,3
평일,5,경북,춘천시,False,True,41.0,205
평일,5,경북,원주시,False,True,250.2,1251
평일,5,경북,강릉시,False,True,99.8,499
평일,5,경북,동해시,False,True,90.2,451
평일,5,경북,태백시,False,True,134.0,670
평일,5,경북,속초시,False,True,19.0,95
평일,5,경북,삼척시,False,True,227.0,1135
평일,5,경북,홍천군,False,True,27.4,137
평일,5,경북,횡성군,False,True,21.2,106
평일,5,경북,영월군,False,True,43.8,219
평일,5,경북,평창군,False,True,30.0,150
평일,5,경북,정선군,False,True,66.2,331
평일,5,경북,철원군,False,True,5.2,26
평일,5,경북,화천군,False,True,4.4,22
평일,5,경북,양구군,False,True,4.2,21
평일,5,경북,인제군,False,True,12.8,64
평일,5,경북,고성군,False,True,5.4,27
평일,5,경북,양양군,False,True,18.4,92
평일,5,경남,춘천시,False,True,10.4,52
평일,5,경남,원주시,False,True,38.8,194
평일,5,경남,강릉시,False,True,9.4,47
평일,5,경남,동해시,False,True,10.8,54
평일,5,경남,태백시,False,True,5.6,28
평일,5,경남,속초시,False,True,3.8,19
평일,5,경남,삼척시,False,True,11.2,56
평일,5,경남,홍천군,False,True,6.6,33
평일,5,경남,횡성군,False,True,5.2,26
평일,5,경남,영월군,False,True,3.6,18
평일,5,경남,평창군,False,True,3.4,17
평일,5,경남,정선군,False,True,7.8,39
평일,5,경남,철원군,False,True,1.0,5
평일,5,경남,화천군,False,True,1.2,6
평일,5,경남,양구군,False,True,0.4,2
평일,5,경남,인제군,False,True,4.8,24
평일,5,경남,고성군,False,True,0.8,4
평일,5,경남,양양군,False,True,3.4,17
평일,5,춘천시,서울,True,False,1630.0,8150
평일,5,춘천시,부산,True,False,8.6,43
평일,5,춘천시,대구,True,False,14.8,74
평일,5,춘천시,인천,True,False,167.2,836
평일,5,춘천시,광주,True,False,1.2,6
평일,5,춘천시,대전,True,False,20.4,102
평일,5,춘천시,울산,True,False,3.6,18
평일,5,춘천시,세종,True,False,7.6,38
평일,5,춘천시,경기,True,False,3569.4,17847
평일,5,춘천시,충북,True,False,111.4,557
평일,5,춘천시,충남,True,False,54.4,272
평일,5,춘천시,전북,True,False,13.8,69
평일,5,춘천시,전남,True,False,5.8,29
평일,5,춘천시,경북,True,False,47.0,235
평일,5,춘천시,경남,True,False,12.2,61
평일,5,원주시,서울,True,False,1218.0,6090
평일,5,원주시,부산,True,False,18.4,92
평일,5,원주시,대구,True,False,50.6,253
평일,5,원주시,인천,True,False,250.4,1252
평일,5,원주시,광주,True,False,10.4,52
평일,5,원주시,대전,True,False,76.2,381
평일,5,원주시,울산,True,False,10.0,50
평일,5,원주시,세종,True,False,24.6,123
평일,5,원주시,경기,True,False,5117.4,25587
평일,5,원주시,충북,True,False,1621.8,8109
평일,5,원주시,충남,True,False,150.4,752
평일,5,원주시,전북,True,False,32.0,160
평일,5,원주시,전남,True,False,13.6,68
평일,5,원주시,경북,True,False,241.8,1209
평일,5,원주시,경남,True,False,31.4,157
평일,5,강릉시,서울,True,False,237.8,1189
평일,5,강릉시,부산,True,False,11.0,55
평일,5,강릉시,대구,True,False,9.6,48
평일,5,강릉시,인천,True,False,58.6,293
평일,5,강릉시,광주,True,False,2.0,10
평일,5,강릉시,대전,True,False,13.8,69
평일,5,강릉시,울산,True,False,6.0,30
평일,5,강릉시,세종,True,False,4.4,22
평일,5,강릉시,경기,True,False,678.4,3392
평일,5,강릉시,충북,True,False,64.8,324
평일,5,강릉시,충남,True,False,32.0,160
평일,5,강릉시,전북,True,False,5.4,27
평일,5,강릉시,전남,True,False,5.8,29
평일,5,강릉시,경북,True,False,97.0,485
평일,5,강릉시,경남,True,False,8.8,44
평일,5,동해시,서울,True,False,42.6,213
평일,5,동해시,부산,True,False,10.6,53
평일,5,동해시,대구,True,False,5.0,25
평일,5,동해시,인천,True,False,17.4,87
평일,5,동해시,광주,True,False,0.0,0
평일,5,동해시,대전,True,False,2.6,13
평일,5,동해시,울산,True,False,5.2,26
평일,5,동해시,세종,True,False,0.8,4
평일,5,동해시,경기,True,False,145.8,729
평일,5,동해시,충북,True,False,22.6,113
평일,5,동해시,충남,True,False,8.6,43
평일,5,동해시,전북,True,False,2.8,14
평일,5,동해시,전남,True,False,1.6,8
평일,5,동해시,경북,True,False,99.4,497
평일,5,동해시,경남,True,False,9.2,46
평일,5,태백시,서울,True,False,30.6,153
평일,5,태백시,부산,True,False,4.0,20
평일,5,태백시,대구,True,False,10.4,52
평일,5,태백시,인천,True,False,9.2,46
평일,5,태백시,광주,True,False,0.6,3
평일,5,태백시,대전,True,False,3.0,15
평일,5,태백시,울산,True,False,1.2,6
평일,5,태백시,세종,True,False,0.8,4
평일,5,태백시,경기,True,False,79.8,399
평일,5,태백시,충북,True,False,51.0,255
평일,5,태백시,충남,True,False,11.4,57
평일,5,태백시,전북,True,False,1.0,5
평일,5,태백시,전남,True,False,1.6,8
평일,5,태백시,경북,True,False,116.6,583
평일,5,태백시,경남,True,False,4.4,22
평일,5,속초시,서울,True,False,222.8,1114
평일,5,속초시,부산,True,False,3.0,15
평일,5,속초시,대구,True,False,4.8,24
평일,5,속초시,인천,True,False,38.4,192
평일,5,속초시,광주,True,False,0.8,4
평일,5,속초시,대전,True,False,7.2,36
평일,5,속초시,울산,True,False,1.4,7
평일,5,속초시,세종,True,False,2.6,13
평일,5,속초시,경기,True,False,416.4,2082
평일,5,속초시,충북,True,False,22.0,110
평일,5,속초시,충남,True,False,13.0,65
평일,5,속초시,전북,True,False,1.4,7
평일,5,속초시,전남,True,False,0.6,3
평일,5,속초시,경북,True,False,18.6,93
평일,5,속초시,경남,True,False,4.0,20
평일,5,삼척시,서울,True,False,39.0,195
평일,5,삼척시,부산,True,False,11.2,56
평일,5,삼척시,대구,True,False,8.6,43
평일,5,삼척시,인천,True,False,8.0,40
평일,5,삼척시,광주,True,False,0.4,2
평일,5,삼척시,대전,True,False,3.6,18
평일,5,삼척시,울산,True,False,5.6,28
평일,5,삼척시,세종,True,False,0.4,2
평일,5,삼척시,경기,True,False,105.4,527
평일,5,삼척시,충북,True,False,23.6,118
평일,5,삼척시,충남,True,False,6.4,32
평일,5,삼척시,전북,True,False,2.4,12
평일,5,삼척시,전남,True,False,1.4,7
평일,5,삼척시,경북,True,False,253.0,1265
평일,5,삼척시,경남,True,False,7.0,35
평일,5,홍천군,서울,True,False,580.8,2904
평일,5,홍천군,부산,True,False,3.0,15
평일,5,홍천군,대구,True,False,7.6,38
평일,5,홍천군,인천,True,False,65.2,326
평일,5,홍천군,광주,True,False,1.4,7
평일,5,홍천군,대전,True,False,11.8,59
평일,5,홍천군,울산,True,False,2.8,14
평일,5,홍천군,세종,True,False,3.6,18
평일,5,홍천군,경기,True,False,1542.2,7711
평일,5,홍천군,충북,True,False,67.4,337
평일,5,홍천군,충남,True,False,26.4,132
평일,5,홍천군,전북,True,False,5.6,28
평일,5,홍천군,전남,True,False,3.0,15
평일,5,홍천군,경북,True,False,24.4,122
평일,5,홍천군,경남,True,False,3.6,18
평일,5,횡성군,서울,True,False,252.4,1262
평일,5,횡성군,부산,True,False,3.6,18
평일,5,횡성군,대구,True,False,7.6,38
평일,5,횡성군,인천,True,False,48.4,242
평일,5,횡성군,광주,True,False,1.8,9
평일,5,횡성군,대전,True,False,9.2,46
평일,5,횡성군,울산,True,False,2.2,11
평일,5,횡성군,세종,True,False,4.2,21
평일,5,횡성군,경기,True,False,966.6,4833
평일,5,횡성군,충북,True,False,98.0,490
평일,5,횡성군,충남,True,False,23.6,118
평일,5,횡성군,전북,True,False,5.8,29
평일,5,횡성군,전남,True,False,2.2,11
평일,5,횡성군,경북,True,False,24.8,124
평일,5,횡성군,경남,True,False,7.4,37
평일,5,영월군,서울,True,False,79.6,398
평일,5,영월군,부산,True,False,3.2,16
평일,5,영월군,대구,True,False,10.4,52
평일,5,영월군,인천,True,False,23.4,117
평일,5,영월군,광주,True,False,0.8,4
평일,5,영월군,대전,True,False,4.4,22
평일,5,영월군,울산,True,False,1.0,5
평일,5,영월군,세종,True,False,3.2,16
평일,5,영월군,경기,True,False,260.0,1300
평일,5,영월군,충북,True,False,590.2,2951
평일,5,영월군,충남,True,False,25.8,129
평일,5,영월군,전북,True,False,4.2,21
평일,5,영월군,전남,True,False,4.4,22
평일,5,영월군,경북,True,False,55.6,278
평일,5,영월군,경남,True,False,4.6,23
평일,5,평창군,서울,True,False,173.2,866
평일,5,평창군,부산,True,False,2.8,14
평일,5,평창군,대구,True,False,7.2,36
평일,5,평창군,인천,True,False,39.6,198
평일,5,평창군,광주,True,False,2.6,13
평일,5,평창군,대전,True,False,8.4,42
평일,5,평창군,울산,True,False,1.6,8
평일,5,평창군,세종,True,False,2.0,10
평일,5,평창군,경기,True,False,542.6,2713
평일,5,평창군,충북,True,False,76.0,380
평일,5,평창군,충남,True,False,21.0,105
평일,5,평창군,전북,True,False,5.6,28
평일,5,평창군,전남,True,False,6.0,30
평일,5,평창군,경북,True,False,23.8,119
평일,5,평창군,경남,True,False,5.8,29
평일,5,정선군,서울,True,False,120.4,602
평일,5,정선군,부산,True,False,5.6,28
평일,5,정선군,대구,True,False,14.4,72
평일,5,정선군,인천,True,False,25.2,126
평일,5,정선군,광주,True,False,0.8,4
평일,5,정선군,대전,True,False,6.0,30
평일,5,정선군,울산,True,False,6.2,31
평일,5,정선군,세종,True,False,3.0,15
평일,5,정선군,경기,True,False,340.6,1703
평일,5,정선군,충북,True,False,200.0,1000
평일,5,정선군,충남,True,False,26.2,131
평일,5,정선군,전북,True,False,3.2,16
평일,5,정선군,전남,True,False,3.4,17
평일,5,정선군,경북,True,False,70.0,350
평일,5,정선군,경남,True,False,9.6,48
평일,5,철원군,서울,True,False,281.8,1409
평일,5,철원군,부산,True,False,0.6,3
평일,5,철원군,대구,True,False,2.0,10
평일,5,철원군,인천,True,False,56.8,284
평일,5,철원군,광주,True,False,1.4,7
평일,5,철원군,대전,True,False,8.2,41
평일,5,철원군,울산,True,False,0.4,2
평일,5,철원군,세종,True,False,0.4,2
평일,5,철원군,경기,True,False,1618.4,8092
평일,5,철원군,충북,True,False,13.4,67
평일,5,철원군,충남,True,False,12.8,64
평일,5,철원군,전북,True,False,5.4,27
평일,5,철원군,전남,True,False,2.0,10
평일,5,철원군,경북,True,False,5.6,28
평일,5,철원군,경남,True,False,1.8,9
평일,5,화천군,서울,True,False,83.0,415
평일,5,화천군,부산,True,False,1.0,5
평일,5,화천군,대구,True,False,2.6,13
평일,5,화천군,인천,True,False,17.4,87
평일,5,화천군,광주,True,False,0.0,0
평일,5,화천군,대전,True,False,2.8,14
평일,5,화천군,울산,True,False,0.6,3
평일,5,화천군,세종,True,False,1.8,9
평일,5,화천군,경기,True,False,266.0,1330
평일,5,화천군,충북,True,False,10.0,50
평일,5,화천군,충남,True,False,7.6,38
평일,5,화천군,전북,True,False,2.0,10
평일,5,화천군,전남,True,False,1.8,9
평일,5,화천군,경북,True,False,3.2,16
평일,5,화천군,경남,True,False,1.2,6
평일,5,양구군,서울,True,False,50.4,252
평일,5,양구군,부산,True,False,0.6,3
평일,5,양구군,대구,True,False,1.2,6
평일,5,양구군,인천,True,False,6.4,32
평일,5,양구군,광주,True,False,0.8,4
평일,5,양구군,대전,True,False,2.4,12
평일,5,양구군,울산,True,False,0.2,1
평일,5,양구군,세종,True,False,0.4,2
평일,5,양구군,경기,True,False,101.8,509
평일,5,양구군,충북,True,False,6.8,34
평일,5,양구군,충남,True,False,4.6,23
평일,5,양구군,전북,True,False,1.0,5
평일,5,양구군,전남,True,False,0.2,1
평일,5,양구군,경북,True,False,3.0,15
평일,5,양구군,경남,True,False,1.0,5
평일,5,인제군,서울,True,False,179.8,899
평일,5,인제군,부산,True,False,2.6,13
평일,5,인제군,대구,True,False,3.0,15
평일,5,인제군,인천,True,False,30.4,152
평일,5,인제군,광주,True,False,0.2,1
평일,5,인제군,대전,True,False,5.8,29
평일,5,인제군,울산,True,False,1.0,5
평일,5,인제군,세종,True,False,1.4,7
평일,5,인제군,경기,True,False,435.0,2175
평일,5,인제군,충북,True,False,22.6,113
평일,5,인제군,충남,True,False,13.4,67
평일,5,인제군,전북,True,False,2.4,12
평일,5,인제군,전남,True,False,1.2,6
평일,5,인제군,경북,True,False,9.4,47
평일,5,인제군,경남,True,False,3.6,18
평일,5,고성군,서울,True,False,81.6,408
평일,5,고성군,부산,True,False,2.0,10
평일,5,고성군,대구,True,False,1.2,6
평일,5,고성군,인천,True,False,9.4,47
평일,5,고성군,광주,True,False,0.4,2
평일,5,고성군,대전,True,False,1.6,8
평일,5,고성군,울산,True,False,1.0,5
평일,5,고성군,세종,True,False,2.6,13
평일,5,고성군,경기,True,False,154.0,770
평일,5,고성군,충북,True,False,10.0,50
평일,5,고성군,충남,True,False,3.0,15
평일,5,고성군,전북,True,False,1.6,8
평일,5,고성군,전남,True,False,0.4,2
평일,5,고성군,경북,True,False,6.0,30
평일,5,고성군,경남,True,False,0.8,4
평일,5,양양군,서울,True,False,171.4,857
평일,5,양양군,부산,True,False,2.8,14
평일,5,양양군,대구,True,False,2.0,10
평일,5,양양군,인천,True,False,20.8,104
평일,5,양양군,광주,True,False,0.4,2
평일,5,양양군,대전,True,False,2.2,11
평일,5,양양군,울산,True,False,2.2,11
평일,5,양양군,세종,True,False,0.4,2
평일,5,양양군,경기,True,False,314.8,1574
평일,5,양양군,충북,True,False,14.4,72
평일,5,양양군,충남,True,False,7.6,38
평일,5,양양군,전북,True,False,1.2,6
평일,5,양양군,전남,True,False,0.8,4
평일,5,양양군,경북,True,False,21.0,105
평일,5,양양군,경남,True,False,2.6,13
주말,2,춘천시,춘천시,True,True,47274.5,94549
주말,2,춘천시,원주시,True,True,618.5,1237
주말,2,춘천시,강릉시,True,True,145.0,290
주말,2,춘천시,동해시,True,True,23.0,46
주말,2,춘천시,태백시,True,True,10.5,21
주말,2,춘천시,속초시,True,True,144.5,289
주말,2,춘천시,삼척시,True,True,20.0,40
주말,2,춘천시,홍천군,True,True,1543.5,3087
주말,2,춘천시,횡성군,True,True,168.0,336
주말,2,춘천시,영월군,True,True,22.5,45
주말,2,춘천시,평창군,True,True,35.5,71
주말,2,춘천시,정선군,True,True,18.5,37
주말,2,춘천시,철원군,True,True,87.0,174
주말,2,춘천시,화천군,True,True,697.0,1394
주말,2,춘천시,양구군,True,True,249.0,498
주말,2,춘천시,인제군,True,True,364.5,729
주말,2,춘천시,고성군,True,True,58.5,117
주말,2,춘천시,양양군,True,True,173.0,346
주말,2,원주시,춘천시,True,True,610.0,1220
주말,2,원주시,원주시,True,True,52302.0,104604
주말,2,원주시,강릉시,True,True,362.5,725
주말,2,원주시,동해시,True,True,73.5,147
주말,2,원주시,태백시,True,True,61.5,123
주말,2,원주시,속초시,True,True,50.5,101
주말,2,원주시,삼척시,True,True,36.0,72
주말,2,원주시,홍천군,True,True,390.5,781
주말,2,원주시,횡성군,True,True,1589.0,3178
주말,2,원주시,영월군,True,True,355.0,710
주말,2,원주시,평창군,True,True,450.0,900
주말,2,원주시,정선군,True,True,161.5,323
주말,2,원주시,철원군,True,True,20.5,41
주말,2,원주시,화천군,True,True,25.5,51
주말,2,원주시,양구군,True,True,20.0,40
주말,2,원주시,인제군,True,True,125.0,250
주말,2,원주시,고성군,True,True,25.0,50
주말,2,원주시,양양군,True,True,56.5,113
주말,2,강릉시,춘천시,True,True,153.0,306
주말,2,강릉시,원주시,True,True,420.5,841
주말,2,강릉시,강릉시,True,True,35666.5,71333
주말,2,강릉시,동해시,True,True,759.0,1518
주말,2,강릉시,태백시,True,True,46.5,93
주말,2,강릉시,속초시,True,True,386.0,772
주말,2,강릉시,삼척시,True,True,276.5,553
주말,2,강릉시,홍천군,True,True,132.0,264
주말,2,강릉시,횡성군,True,True,278.5,557
주말,2,강릉시,영월군,True,True,23.0,46
주말,2,강릉시,평창군,True,True,873.0,1746
주말,2,강릉시,정선군,True,True,116.0,232
주말,2,강릉시,철원군,True,True,7.0,14
주말,2,강릉시,화천군,True,True,6.5,13
주말,2,강릉시,양구군,True,True,7.0,14
주말,2,강릉시,인제군,True,True,130.5,261
주말,2,강릉시,고성군,True,True,112.0,224
주말,2,강릉시,양양군,True,True,929.0,1858
주말,2,동해시,춘천시,True,True,18.5,37
주말,2,동해시,원주시,True,True,63.0,126
주말,2,동해시,강릉시,True,True,636.0,1272
주말,2,동해시,동해시,True,True,5882.0,11764
주말,2,동해시,태백시,True,True,46.0,92
주말,2,동해시,속초시,True,True,38.5,77
주말,2,동해시,삼척시,True,True,867.0,1734
주말,2,동해시,홍천군,True,True,20.5,41
주말,2,동해시,횡성군,True,True,41.0,82
주말,2,동해시,영월군,True,True,9.5,19
주말,2,동해시,평창군,True,True,74.5,149
주말,2,동해시,정선군,True,True,37.5,75
주말,2,동해시,철원군,True,True,0.5,1
주말,2,동해시,화천군,True,True,0.0,0
주말,2,동해시,양구군,True,True,1.5,3
주말,2,동해시,인제군,True,True,16.5,33
주말,2,동해시,고성군,True,True,12.5,25
주말,2,동해시,양양군,True,True,68.0,136
주말,2,태백시,춘천시,True,True,7.0,14
주말,2,태백시,원주시,True,True,59.5,119
주말,2,태백시,강릉시,True,True,45.5,91
주말,2,태백시,동해시,True,True,48.5,97
주말,2,태백시,태백시,True,True,2674.5,5349
주말,2,태백시,속초시,True,True,5.0,10
주말,2,태백시,삼척시,True,True,147.5,295
주말,2,태백시,홍천군,True,True,8.5,17
주말,2,태백시,횡성군,True,True,5.0,10
주말,2,태백시,영월군,True,True,86.0,172
주말,2,태백시,평창군,True,True,11.5,23
주말,2,태백시,정선군,True,True,246.5,493
주말,2,태백시,철원군,True,True,0.0,0
주말,2,태백시,화천군,True,True,0.5,1
주말,2,태백시,양구군,True,True,0.0,0
주말,2,태백시,인제군,True,True,5.0,10
주말,2,태백시,고성군,True,True,3.0,6
주말,2,태백시,양양군,True,True,5.5,11
주말,2,속초시,춘천시,True,True,173.5,347
주말,2,속초시,원주시,True,True,76.5,153
주말,2,속초시,강릉시,True,True,441.0,882
주말,2,속초시,동해시,True,True,39.0,78
주말,2,속초시,태백시,True,True,6.5,13
주말,2,속초시,속초시,True,True,22699.0,45398
주말,2,속초시,삼척시,True,True,19.5,39
주말,2,속초시,홍천군,True,True,297.5,595
주말,2,속초시,횡성군,True,True,25.5,51
주말,2,속초시,영월군,True,True,1.5,3
주말,2,속초시,평창군,True,True,64.5,129
주말,2,속초시,정선군,True,True,11.5,23
주말,2,속초시,철원군,True,True,4.0,8
주말,2,속초시,화천군,True,True,7.0,14
주말,2,속초시,양구군,True,True,26.0,52
주말,2,속초시,인제군,True,True,491.0,982
주말,2,속초시,고성군,True,True,2353.5,4707
주말,2,속초시,양양군,True,True,1524.0,3048
주말,2,삼척시,춘천시,True,True,16.5,33
주말,2,삼척시,원주시,True,True,41.5,83
주말,2,삼척시,강릉시,True,True,297.5,595
주말,2,삼척시,동해시,True,True,737.5,1475
주말,2,삼척시,태백시,True,True,155.0,310
주말,2,삼척시,속초시,True,True,24.0,48
주말,2,삼척시,삼척시,True,True,4999.0,9998
주말,2,삼척시,홍천군,True,True,15.5,31
주말,2,삼척시,횡성군,True,True,28.0,56
주말,2,삼척시,영월군,True,True,24.0,48
주말,2,삼척시,평창군,True,True,43.5,87
주말,2,삼척시,정선군,True,True,69.0,138
주말,2,삼척시,철원군,True,True,0.0,0
주말,2,삼척시,화천군,True,True,0.0,0
주말,2,삼척시,양구군,True,True,0.0,0
주말,2,삼척시,인제군,True,True,9.5,19
주말,2,삼척시,고성군,True,True,6.5,13
주말,2,삼척시,양양군,True,True,25.0,50
주말,2,홍천군,춘천시,True,True,1644.0,3288
주말,2,홍천군,원주시,True,True,376.5,753
주말,2,홍천군,강릉시,True,True,113.5,227
주말,2,홍천군,동해시,True,True,14.5,29
주말,2,홍천군,태백시,True,True,3.5,7
주말,2,홍천군,속초시,True,True,221.5,443
주말,2,홍천군,삼척시,True,True,9.5,19
주말,2,홍천군,홍천군,True,True,11946.0,23892
주말,2,홍천군,횡성군,True,True,235.0,470
주말,2,홍천군,영월군,True,True,11.5,23
주말,2,홍천군,평창군,True,True,76.5,153
주말,2,홍천군,정선군,True,True,8.5,17
주말,2,홍천군,철원군,True,True,11.0,22
주말,2,홍천군,화천군,True,True,12.0,24
주말,2,홍천군,양구군,True,True,19.5,39
주말,2,홍천군,인제군,True,True,824.5,1649
주말,2,홍천군,고성군,True,True,91.0,182
주말,2,홍천군,양양군,True,True,499.5,999
주말,2,횡성군,춘천시,True,True,152.5,305
주말,2,횡성군,원주시,True,True,1504.5,3009
주말,2,횡성군,강릉시,True,True,224.5,449
주말,2,횡성군,동해시,True,True,39.5,79
주말,2,횡성군,태백시,True,True,4.5,9
주말,2,횡성군,속초시,True,True,18.5,37
주말,2,횡성군,삼척시,True,True,19.0,38
주말,2,횡성군,홍천군,True,True,266.5,533
주말,2,횡성군,횡성군,True,True,6646.0,13292
주말,2,횡성군,영월군,True,True,35.5,71
주말,2,횡성군,평창군,True,True,563.5,1127
주말,2,횡성군,정선군,True,True,26.5,53
주말,2,횡성군,철원군,True,True,2.0,4
주말,2,횡성군,화천군,True,True,3.5,7
주말,2,횡성군,양구군,True,True,8.0,16
주말,2,횡성군,인제군,True,True,36.0,72
주말,2,횡성군,고성군,True,True,5.5,11
주말,2,횡성군,양양군,True,True,25.0,50
주말,2,영월군,춘천시,True,True,13.0,26
주말,2,영월군,원주시,True,True,375.5,751
주말,2,영월군,강릉시,True,True,23.0,46
주말,2,영월군,동해시,True,True,8.5,17
주말,2,영월군,태백시,True,True,87.5,175
주말,2,영월군,속초시,True,True,4.5,9
주말,2,영월군,삼척시,True,True,21.0,42
주말,2,영월군,홍천군,True,True,13.5,27
주말,2,영월군,횡성군,True,True,39.5,79
주말,2,영월군,영월군,True,True,5518.0,11036
주말,2,영월군,평창군,True,True,117.5,235
주말,2,영월군,정선군,True,True,300.0,600
주말,2,영월군,철원군,True,True,0.5,1
주말,2,영월군,화천군,True,True,1.0,2
주말,2,영월군,양구군,True,True,0.5,1
주말,2,영월군,인제군,True,True,4.0,8
주말,2,영월군,고성군,True,True,1.0,2
주말,2,영월군,양양군,True,True,5.0,10
주말,2,평창군,춘천시,True,True,40.0,80
주말,2,평창군,원주시,True,True,510.5,1021
주말,2,평창군,강릉시,True,True,904.5,1809
주말,2,평창군,동해시,True,True,62.5,125
주말,2,평창군,태백시,True,True,10.0,20
주말,2,평창군,속초시,True,True,52.5,105
주말,2,평창군,삼척시,True,True,37.0,74
주말,2,평창군,홍천군,True,True,82.0,164
주말,2,평창군,횡성군,True,True,649.0,1298
주말,2,평창군,영월군,True,True,84.5,169
주말,2,평창군,평창군,True,True,10519.0,21038
주말,2,평창군,정선군,True,True,192.0,384
주말,2,평창군,철원군,True,True,0.0,0
주말,2,평창군,화천군,True,True,1.0,2
주말,2,평창군,양구군,True,True,1.5,3
주말,2,평창군,인제군,True,True,15.5,31
주말,2,평창군,고성군,True,True,17.5,35
주말,2,평창군,양양군,True,True,78.5,157
주말,2,정선군,춘천시,True,True,17.5,35
주말,2,정선군,원주시,True,True,178.0,356
주말,2,정선군,강릉시,True,True,113.5,227
주말,2,정선군,동해시,True,True,46.0,92
주말,2,정선군,태백시,True,True,269.0,538
주말,2,정선군,속초시,True,True,9.5,19
주말,2,정선군,삼척시,True,True,76.5,153
주말,2,정선군,홍천군,True,True,8.5,17
주말,2,정선군,횡성군,True,True,34.5,69
주말,2,정선군,영월군,True,True,318.0,636
주말,2,정선군,평창군,True,True,151.5,303
주말,2,정선군,정선군,True,True,5443.5,10887
주말,2,정선군,철원군,True,True,0.0,0
주말,2,정선군,화천군,True,True,0.5,1
주말,2,정선군,양구군,True,True,0.0,0
주말,2,정선군,인제군,True,True,3.0,6
주말,2,정선군,고성군,True,True,1.5,3
주말,2,정선군,양양군,True,True,11.5,23
주말,2,철원군,춘천시,True,True,90.0,180
주말,2,철원군,원주시,True,True,17.5,35
주말,2,철원군,강릉시,True,True,4.5,9
주말,2,철원군,동해시,True,True,1.5,3
주말,2,철원군,태백시,True,True,1.0,2
주말,2,철원군,속초시,True,True,3.5,7
주말,2,철원군,삼척시,True,True,0.0,0
주말,2,철원군,홍천군,True,True,8.5,17
주말,2,철원군,횡성군,True,True,3.5,7
주말,2,철원군,영월군,True,True,1.0,2
주말,2,철원군,평창군,True,True,1.0,2
주말,2,철원군,정선군,True,True,0.5,1
주말,2,철원군,철원군,True,True,7600.0,15200
주말,2,철원군,화천군,True,True,79.0,158
주말,2,철원군,양구군,True,True,3.5,7
주말,2,철원군,인제군,True,True,9.5,19
주말,2,철원군,고성군,True,True,4.0,8
주말,2,철원군,양양군,True,True,4.0,8
주말,2,화천군,춘천시,True,True,631.5,1263
주말,2,화천군,원주시,True,True,19.5,39
주말,2,화천군,강릉시,True,True,9.5,19
주말,2,화천군,동해시,True,True,1.0,2
주말,2,화천군,태백시,True,True,0.5,1
주말,2,화천군,속초시,True,True,9.5,19
주말,2,화천군,삼척시,True,True,0.0,0
주말,2,화천군,홍천군,True,True,16.0,32
주말,2,화천군,횡성군,True,True,8.0,16
주말,2,화천군,영월군,True,True,1.0,2
주말,2,화천군,평창군,True,True,2.5,5
주말,2,화천군,정선군,True,True,0.5,1
주말,2,화천군,철원군,True,True,79.0,158
주말,2,화천군,화천군,True,True,2248.5,4497
주말,2,화천군,양구군,True,True,78.5,157
주말,2,화천군,인제군,True,True,17.5,35
주말,2,화천군,고성군,True,True,1.5,3
주말,2,화천군,양양군,True,True,1.0,2
주말,2,양구군,춘천시,True,True,266.0,532
주말,2,양구군,원주시,True,True,29.5,59
주말,2,양구군,강릉시,True,True,11.5,23
주말,2,양구군,동해시,True,True,1.5,3
주말,2,양구군,태백시,True,True,0.5,1
주말,2,양구군,속초시,True,True,18.5,37
주말,2,양구군,삼척시,True,True,0.0,0
주말,2,양구군,홍천군,True,True,25.0,50
주말,2,양구군,횡성군,True,True,8.0,16
주말,2,양구군,영월군,True,True,0.0,0
주말,2,양구군,평창군,True,True,1.0,2
주말,2,양구군,정선군,True,True,0.0,0
주말,2,양구군,철원군,True,True,7.0,14
주말,2,양구군,화천군,True,True,71.5,143
주말,2,양구군,양구군,True,True,1909.0,3818
주말,2,양구군,인제군,True,True,83.0,166
주말,2,양구군,고성군,True,True,10.5,21
주말,2,양구군,양양군,True,True,4.0,8
주말,2,인제군,춘천시,True,True,421.5,843
주말,2,인제군,원주시,True,True,111.0,222
주말,2,인제군,강릉시,True,True,133.5,267
주말,2,인제군,동해시,True,True,11.0,22
주말,2,인제군,태백시,True,True,3.0,6
주말,2,인제군,속초시,True,True,541.5,1083
주말,2,인제군,삼척시,True,True,8.5,17
주말,2,인제군,홍천군,True,True,791.0,1582
주말,2,인제군,횡성군,True,True,39.0,78
주말,2,인제군,영월군,True,True,1.5,3
주말,2,인제군,평창군,True,True,15.5,31
주말,2,인제군,정선군,True,True,6.0,12
주말,2,인제군,철원군,True,True,4.5,9
주말,2,인제군,화천군,True,True,17.5,35
주말,2,인제군,양구군,True,True,98.0,196
주말,2,인제군,인제군,True,True,6174.5,12349
주말,2,인제군,고성군,True,True,306.0,612
주말,2,인제군,양양군,True,True,868.5,1737
주말,2,고성군,춘천시,True,True,75.5,151
주말,2,고성군,원주시,True,True,37.0,74
주말,2,고성군,강릉시,True,True,88.5,177
주말,2,고성군,동해시,True,True,11.5,23
주말,2,고성군,태백시,True,True,0.5,1
주말,2,고성군,속초시,True,True,2226.0,4452
주말,2,고성군,삼척시,True,True,5.5,11
주말,2,고성군,홍천군,True,True,112.0,224
주말,2,고성군,횡성군,True,True,13.5,27
주말,2,고성군,영월군,True,True,0.5,1
주말,2,고성군,평창군,True,True,17.5,35
주말,2,고성군,정선군,True,True,2.5,5
주말,2,고성군,철원군,True,True,1.0,2
주말,2,고성군,화천군,True,True,3.5,7
주말,2,고성군,양구군,True,True,12.0,24
주말,2,고성군,인제군,True,True,291.0,582
주말,2,고성군,고성군,True,True,6357.5,12715
주말,2,고성군,양양군,True,True,201.5,403
주말,2,양양군,춘천시,True,True,211.0,422
주말,2,양양군,원주시,True,True,48.5,97
주말,2,양양군,강릉시,True,True,1059.0,2118
주말,2,양양군,동해시,True,True,57.0,114
주말,2,양양군,태백시,True,True,4.0,8
주말,2,양양군,속초시,True,True,2020.0,4040
주말,2,양양군,삼척시,True,True,27.0,54
주말,2,양양군,홍천군,True,True,443.0,886
주말,2,양양군,횡성군,True,True,33.5,67
주말,2,양양군,영월군,True,True,4.5,9
주말,2,양양군,평창군,True,True,56.5,113
주말,2,양양군,정선군,True,True,11.5,23
주말,2,양양군,철원군,True,True,1.0,2
주말,2,양양군,화천군,True,True,3.5,7
주말,2,양양군,양구군,True,True,7.0,14
주말,2,양양군,인제군,True,True,733.0,1466
주말,2,양양군,고성군,True,True,238.5,477
주말,2,양양군,양양군,True,True,9157.0,18314
주말,2,서울,춘천시,False,True,2753.5,5507
주말,2,서울,원주시,False,True,1955.5,3911
주말,2,서울,강릉시,False,True,499.5,999
주말,2,서울,동해시,False,True,79.0,158
주말,2,서울,태백시,False,True,56.0,112
주말,2,서울,속초시,False,True,421.5,843
주말,2,서울,삼척시,False,True,51.5,103
주말,2,서울,홍천군,False,True,1367.0,2734
주말,2,서울,횡성군,False,True,556.5,1113
주말,2,서울,영월군,False,True,167.0,334
주말,2,서울,평창군,False,True,497.0,994
주말,2,서울,정선군,False,True,205.5,411
주말,2,서울,철원군,False,True,717.5,1435
주말,2,서울,화천군,False,True,149.5,299
주말,2,서울,양구군,False,True,71.5,143
주말,2,서울,인제군,False,True,500.0,1000
주말,2,서울,고성군,False,True,154.5,309
주말,2,서울,양양군,False,True,391.5,783
주말,2,부산,춘천시,False,True,16.0,32
주말,2,부산,원주시,False,True,34.5,69
주말,2,부산,강릉시,False,True,19.5,39
주말,2,부산,동해시,False,True,16.0,32
주말,2,부산,태백시,False,True,7.0,14
주말,2,부산,속초시,False,True,4.0,8
주말,2,부산,삼척시,False,True,20.5,41
주말,2,부산,홍천군,False,True,12.0,24
주말,2,부산,횡성군,False,True,2.5,5
주말,2,부산,영월군,False,True,3.5,7
주말,2,부산,평창군,False,True,5.0,10
주말,2,부산,정선군,False,True,7.0,14
주말,2,부산,철원군,False,True,2.0,4
주말,2,부산,화천군,False,True,1.5,3
주말,2,부산,양구군,False,True,3.0,6
주말,2,부산,인제군,False,True,1.5,3
주말,2,부산,고성군,False,True,4.0,8
주말,2,부산,양양군,False,True,6.0,12
주말,2,대구,춘천시,False,True,27.0,54
주말,2,대구,원주시,False,True,76.5,153
주말,2,대구,강릉시,False,True,20.0,40
주말,2,대구,동해시,False,True,8.5,17
주말,2,대구,태백시,False,True,23.5,47
주말,2,대구,속초시,False,True,7.5,15
주말,2,대구,삼척시,False,True,25.0,50
주말,2,대구,홍천군,False,True,15.0,30
주말,2,대구,횡성군,False,True,12.5,25
주말,2,대구,영월군,False,True,10.0,20
주말,2,대구,평창군,False,True,18.5,37
주말,2,대구,정선군,False,True,19.0,38
주말,2,대구,철원군,False,True,5.0,10
주말,2,대구,화천군,False,True,1.5,3
주말,2,대구,양구군,False,True,1.5,3
주말,2,대구,인제군,False,True,8.0,16
주말,2,대구,고성군,False,True,2.0,4
주말,2,대구,양양군,False,True,6.5,13
주말,2,인천,춘천시,False,True,307.5,615
주말,2,인천,원주시,False,True,445.0,890
주말,2,인천,강릉시,False,True,103.5,207
주말,2,인천,동해시,False,True,26.0,52
주말,2,인천,태백시,False,True,15.5,31
주말,2,인천,속초시,False,True,54.5,109
주말,2,인천,삼척시,False,True,17.0,34
주말,2,인천,홍천군,False,True,187.5,375
주말,2,인천,횡성군,False,True,83.5,167
주말,2,인천,영월군,False,True,46.5,93
주말,2,인천,평창군,False,True,108.5,217
주말,2,인천,정선군,False,True,52.5,105
주말,2,인천,철원군,False,True,141.0,282
주말,2,인천,화천군,False,True,30.5,61
주말,2,인천,양구군,False,True,9.0,18
주말,2,인천,인제군,False,True,89.5,179
주말,2,인천,고성군,False,True,25.0,50
주말,2,인천,양양군,False,True,60.0,120
주말,2,광주,춘천시,False,True,4.0,8
주말,2,광주,원주시,False,True,16.5,33
주말,2,광주,강릉시,False,True,2.5,5
주말,2,광주,동해시,False,True,1.0,2
주말,2,광주,태백시,False,True,1.5,3
주말,2,광주,속초시,False,True,2.0,4
주말,2,광주,삼척시,False,True,0.5,1
주말,2,광주,홍천군,False,True,7.0,14
주말,2,광주,횡성군,False,True,1.5,3
주말,2,광주,영월군,False,True,2.5,5
주말,2,광주,평창군,False,True,2.5,5
주말,2,광주,정선군,False,True,3.5,7
주말,2,광주,철원군,False,True,0.0,0
주말,2,광주,화천군,False,True,0.0,0
주말,2,광주,양구군,False,True,1.0,2
주말,2,광주,인제군,False,True,2.0,4
주말,2,광주,고성군,False,True,2.5,5
주말,2,광주,양양군,False,True,1.0,2
주말,2,대전,춘천시,False,True,45.0,90
주말,2,대전,원주시,False,True,132.0,264
주말,2,대전,강릉시,False,True,29.5,59
주말,2,대전,동해시,False,True,7.5,15
주말,2,대전,태백시,False,True,5.0,10
주말,2,대전,속초시,False,True,7.0,14
주말,2,대전,삼척시,False,True,4.0,8
주말,2,대전,홍천군,False,True,29.0,58
주말,2,대전,횡성군,False,True,17.0,34
주말,2,대전,영월군,False,True,12.0,24
주말,2,대전,평창군,False,True,22.5,45
주말,2,대전,정선군,False,True,16.5,33
주말,2,대전,철원군,False,True,7.0,14
주말,2,대전,화천군,False,True,6.0,12
주말,2,대전,양구군,False,True,2.0,4
주말,2,대전,인제군,False,True,9.0,18
주말,2,대전,고성군,False,True,5.5,11
주말,2,대전,양양군,False,True,8.0,16
주말,2,울산,춘천시,False,True,4.0,8
주말,2,울산,원주시,False,True,15.0,30
주말,2,울산,강릉시,False,True,13.5,27
주말,2,울산,동해시,False,True,10.5,21
주말,2,울산,태백시,False,True,7.0,14
주말,2,울산,속초시,False,True,2.5,5
주말,2,울산,삼척시,False,True,16.5,33
주말,2,울산,홍천군,False,True,3.5,7
주말,2,울산,횡성군,False,True,2.0,4
주말,2,울산,영월군,False,True,3.5,7
주말,2,울산,평창군,False,True,2.5,5
주말,2,울산,정선군,False,True,5.5,11
주말,2,울산,철원군,False,True,1.5,3
주말,2,울산,화천군,False,True,0.0,0
주말,2,울산,양구군,False,True,0.0,0
주말,2,울산,인제군,False,True,3.0,6
주말,2,울산,고성군,False,True,2.0,4
주말,2,울산,양양군,False,True,3.5,7
주말,2,세종,춘천시,False,True,14.5,29
주말,2,세종,원주시,False,True,32.0,64
주말,2,세종,강릉시,False,True,5.0,10
주말,2,세종,동해시,False,True,1.5,3
주말,2,세종,태백시,False,True,2.5,5
주말,2,세종,속초시,False,True,5.0,10
주말,2,세종,삼척시,False,True,3.5,7
주말,2,세종,홍천군,False,True,9.5,19
주말,2,세종,횡성군,False,True,5.5,11
주말,2,세종,영월군,False,True,5.0,10
주말,2,세종,평창군,False,True,5.0,10
주말,2,세종,정선군,False,True,9.0,18
주말,2,세종,철원군,False,True,1.5,3
주말,2,세종,화천군,False,True,1.5,3
주말,2,세종,양구군,False,True,1.0,2
주말,2,세종,인제군,False,True,3.0,6
주말,2,세종,고성군,False,True,2.5,5
주말,2,세종,양양군,False,True,5.5,11
주말,2,경기,춘천시,False,True,5752.0,11504
주말,2,경기,원주시,False,True,7307.0,14614
주말,2,경기,강릉시,False,True,1212.0,2424
주말,2,경기,동해시,False,True,213.0,426
주말,2,경기,태백시,False,True,137.0,274
주말,2,경기,속초시,False,True,783.5,1567
주말,2,경기,삼척시,False,True,152.0,304
주말,2,경기,홍천군,False,True,3289.5,6579
주말,2,경기,횡성군,False,True,1640.5,3281
주말,2,경기,영월군,False,True,473.5,947
주말,2,경기,평창군,False,True,1232.5,2465
주말,2,경기,정선군,False,True,512.5,1025
주말,2,경기,철원군,False,True,3257.0,6514
주말,2,경기,화천군,False,True,423.5,847
주말,2,경기,양구군,False,True,152.5,305
주말,2,경기,인제군,False,True,1021.5,2043
주말,2,경기,고성군,False,True,310.0,620
주말,2,경기,양양군,False,True,731.5,1463
주말,2,충북,춘천시,False,True,160.5,321
주말,2,충북,원주시,False,True,2152.5,4305
주말,2,충북,강릉시,False,True,122.5,245
주말,2,충북,동해시,False,True,32.0,64
주말,2,충북,태백시,False,True,76.0,152
주말,2,충북,속초시,False,True,40.0,80
주말,2,충북,삼척시,False,True,39.5,79
주말,2,충북,홍천군,False,True,157.5,315
주말,2,충북,횡성군,False,True,123.5,247
주말,2,충북,영월군,False,True,823.5,1647
주말,2,충북,평창군,False,True,135.0,270
주말,2,충북,정선군,False,True,296.0,592
주말,2,충북,철원군,False,True,23.5,47
주말,2,충북,화천군,False,True,13.0,26
주말,2,충북,양구군,False,True,7.5,15
주말,2,충북,인제군,False,True,60.0,120
주말,2,충북,고성군,False,True,19.0,38
주말,2,충북,양양군,False,True,38.0,76
주말,2,충남,춘천시,False,True,76.5,153
주말,2,충남,원주시,False,True,245.5,491
주말,2,충남,강릉시,False,True,51.5,103
주말,2,충남,동해시,False,True,15.5,31
주말,2,충남,태백시,False,True,11.0,22
주말,2,충남,속초시,False,True,20.5,41
주말,2,충남,삼척시,False,True,8.5,17
주말,2,충남,홍천군,False,True,37.5,75
주말,2,충남,횡성군,False,True,34.0,68
주말,2,충남,영월군,False,True,26.5,53
주말,2,충남,평창군,False,True,42.5,85
주말,2,충남,정선군,False,True,38.5,77
주말,2,충남,철원군,False,True,21.0,42
주말,2,충남,화천군,False,True,7.5,15
주말,2,충남,양구군,False,True,5.5,11
주말,2,충남,인제군,False,True,22.5,45
주말,2,충남,고성군,False,True,6.5,13
주말,2,충남,양양군,False,True,19.0,38
주말,2,전북,춘천시,False,True,14.5,29
주말,2,전북,원주시,False,True,50.5,101
주말,2,전북,강릉시,False,True,12.5,25
주말,2,전북,동해시,False,True,1.5,3
주말,2,전북,태백시,False,True,3.5,7
주말,2,전북,속초시,False,True,6.0,12
주말,2,전북,삼척시,False,True,0.0,0
주말,2,전북,홍천군,False,True,10.5,21
주말,2,전북,횡성군,False,True,7.0,14
주말,2,전북,영월군,False,True,5.5,11
주말,2,전북,평창군,False,True,14.0,28
주말,2,전북,정선군,False,True,6.0,12
주말,2,전북,철원군,False,True,8.0,16
주말,2,전북,화천군,False,True,1.0,2
주말,2,전북,양구군,False,True,1.0,2
주말,2,전북,인제군,False,True,8.0,16
주말,2,전북,고성군,False,True,1.5,3
주말,2,전북,양양군,False,True,3.5,7
주말,2,전남,춘천시,False,True,5.0,10
주말,2,전남,원주시,False,True,15.5,31
주말,2,전남,강릉시,False,True,1.5,3
주말,2,전남,동해시,False,True,2.5,5
주말,2,전남,태백시,False,True,0.5,1
주말,2,전남,속초시,False,True,2.0,4
주말,2,전남,삼척시,False,True,2.0,4
주말,2,전남,홍천군,False,True,2.0,4
주말,2,전남,횡성군,False,True,1.5,3
주말,2,전남,영월군,False,True,1.5,3
주말,2,전남,평창군,False,True,3.5,7
주말,2,전남,정선군,False,True,2.5,5
주말,2,전남,철원군,False,True,1.0,2
주말,2,전남,화천군,False,True,1.0,2
주말,2,전남,양구군,False,True,0.5,1
주말,2,전남,인제군,False,True,2.0,4
주말,2,전남,고성군,False,True,0.0,0
주말,2,전남,양양군,False,True,2.0,4
주말,2,경북,춘천시,False,True,81.5,163
주말,2,경북,원주시,False,True,462.5,925
주말,2,경북,강릉시,False,True,160.5,321
주말,2,경북,동해시,False,True,153.5,307
주말,2,경북,태백시,False,True,187.5,375
주말,2,경북,속초시,False,True,36.0,72
주말,2,경북,삼척시,False,True,361.0,722
주말,2,경북,홍천군,False,True,43.5,87
주말,2,경북,횡성군,False,True,39.5,79
주말,2,경북,영월군,False,True,73.0,146
주말,2,경북,평창군,False,True,52.5,105
주말,2,경북,정선군,False,True,118.5,237
주말,2,경북,철원군,False,True,13.5,27
주말,2,경북,화천군,False,True,4.5,9
주말,2,경북,양구군,False,True,4.0,8
주말,2,경북,인제군,False,True,26.5,53
주말,2,경북,고성군,False,True,11.0,22
주말,2,경북,양양군,False,True,34.0,68
주말,2,경남,춘천시,False,True,17.0,34
주말,2,경남,원주시,False,True,42.5,85
주말,2,경남,강릉시,False,True,11.0,22
주말,2,경남,동해시,False,True,19.0,38
주말,2,경남,태백시,False,True,14.0,28
주말,2,경남,속초시,False,True,5.0,10
주말,2,경남,삼척시,False,True,14.5,29
주말,2,경남,홍천군,False,True,13.5,27
주말,2,경남,횡성군,False,True,3.5,7
주말,2,경남,영월군,False,True,6.5,13
주말,2,경남,평창군,False,True,12.0,24
주말,2,경남,정선군,False,True,12.5,25
주말,2,경남,철원군,False,True,3.5,7
주말,2,경남,화천군,False,True,0.5,1
주말,2,경남,양구군,False,True,1.0,2
주말,2,경남,인제군,False,True,6.5,13
주말,2,경남,고성군,False,True,3.0,6
주말,2,경남,양양군,False,True,3.5,7
주말,2,춘천시,서울,True,False,2946.0,5892
주말,2,춘천시,부산,True,False,7.5,15
주말,2,춘천시,대구,True,False,31.0,62
주말,2,춘천시,인천,True,False,294.0,588
주말,2,춘천시,광주,True,False,4.5,9
주말,2,춘천시,대전,True,False,37.0,74
주말,2,춘천시,울산,True,False,6.0,12
주말,2,춘천시,세종,True,False,18.0,36
주말,2,춘천시,경기,True,False,6798.0,13596
주말,2,춘천시,충북,True,False,196.0,392
주말,2,춘천시,충남,True,False,96.5,193
주말,2,춘천시,전북,True,False,16.0,32
주말,2,춘천시,전남,True,False,7.0,14
주말,2,춘천시,경북,True,False,96.5,193
주말,2,춘천시,경남,True,False,23.0,46
주말,2,원주시,서울,True,False,2005.0,4010
주말,2,원주시,부산,True,False,25.0,50
주말,2,원주시,대구,True,False,84.5,169
주말,2,원주시,인천,True,False,413.5,827
주말,2,원주시,광주,True,False,11.0,22
주말,2,원주시,대전,True,False,131.0,262
주말,2,원주시,울산,True,False,17.5,35
주말,2,원주시,세종,True,False,39.0,78
주말,2,원주시,경기,True,False,7886.5,15773
주말,2,원주시,충북,True,False,2168.0,4336
주말,2,원주시,충남,True,False,243.5,487
주말,2,원주시,전북,True,False,45.5,91
주말,2,원주시,전남,True,False,17.0,34
주말,2,원주시,경북,True,False,437.0,874
주말,2,원주시,경남,True,False,53.5,107
주말,2,강릉시,서울,True,False,548.0,1096
주말,2,강릉시,부산,True,False,15.5,31
주말,2,강릉시,대구,True,False,27.0,54
주말,2,강릉시,인천,True,False,115.0,230
주말,2,강릉시,광주,True,False,2.0,4
주말,2,강릉시,대전,True,False,25.0,50
주말,2,강릉시,울산,True,False,10.5,21
주말,2,강릉시,세종,True,False,6.5,13
주말,2,강릉시,경기,True,False,1582.5,3165
주말,2,강릉시,충북,True,False,144.5,289
주말,2,강릉시,충남,True,False,50.0,100
주말,2,강릉시,전북,True,False,8.5,17
주말,2,강릉시,전남,True,False,6.5,13
주말,2,강릉시,경북,True,False,176.0,352
주말,2,강릉시,경남,True,False,11.5,23
주말,2,동해시,서울,True,False,86.0,172
주말,2,동해시,부산,True,False,11.0,22
주말,2,동해시,대구,True,False,11.0,22
주말,2,동해시,인천,True,False,25.5,51
주말,2,동해시,광주,True,False,1.0,2
주말,2,동해시,대전,True,False,7.5,15
주말,2,동해시,울산,True,False,12.5,25
주말,2,동해시,세종,True,False,2.5,5
주말,2,동해시,경기,True,False,266.0,532
주말,2,동해시,충북,True,False,39.5,79
주말,2,동해시,충남,True,False,10.5,21
주말,2,동해시,전북,True,False,2.5,5
주말,2,동해시,전남,True,False,1.0,2
주말,2,동해시,경북,True,False,153.0,306
주말,2,동해시,경남,True,False,16.5,33
주말,2,태백시,서울,True,False,64.0,128
주말,2,태백시,부산,True,False,4.5,9
주말,2,태백시,대구,True,False,16.5,33
주말,2,태백시,인천,True,False,11.0,22
주말,2,태백시,광주,True,False,0.0,0
주말,2,태백시,대전,True,False,2.5,5
주말,2,태백시,울산,True,False,9.5,19
주말,2,태백시,세종,True,False,1.5,3
주말,2,태백시,경기,True,False,177.0,354
주말,2,태백시,충북,True,False,90.0,180
주말,2,태백시,충남,True,False,12.0,24
주말,2,태백시,전북,True,False,2.0,4
주말,2,태백시,전남,True,False,1.5,3
주말,2,태백시,경북,True,False,192.0,384
주말,2,태백시,경남,True,False,12.5,25
주말,2,속초시,서울,True,False,574.0,1148
주말,2,속초시,부산,True,False,6.5,13
주말,2,속초시,대구,True,False,5.0,10
주말,2,속초시,인천,True,False,76.5,153
주말,2,속초시,광주,True,False,1.5,3
주말,2,속초시,대전,True,False,14.0,28
주말,2,속초시,울산,True,False,5.0,10
주말,2,속초시,세종,True,False,2.5,5
주말,2,속초시,경기,True,False,1213.5,2427
주말,2,속초시,충북,True,False,52.0,104
주말,2,속초시,충남,True,False,22.0,44
주말,2,속초시,전북,True,False,7.0,14
주말,2,속초시,전남,True,False,1.5,3
주말,2,속초시,경북,True,False,40.0,80
주말,2,속초시,경남,True,False,5.5,11
주말,2,삼척시,서울,True,False,62.5,125
주말,2,삼척시,부산,True,False,13.5,27
주말,2,삼척시,대구,True,False,21.5,43
주말,2,삼척시,인천,True,False,22.0,44
주말,2,삼척시,광주,True,False,1.0,2
주말,2,삼척시,대전,True,False,5.5,11
주말,2,삼척시,울산,True,False,12.0,24
주말,2,삼척시,세종,True,False,1.5,3
주말,2,삼척시,경기,True,False,183.5,367
주말,2,삼척시,충북,True,False,53.0,106
주말,2,삼척시,충남,True,False,11.5,23
주말,2,삼척시,전북,True,False,1.0,2
주말,2,삼척시,전남,True,False,3.0,6
주말,2,삼척시,경북,True,False,383.5,767
주말,2,삼척시,경남,True,False,15.0,30
주말,2,홍천군,서울,True,False,1445.5,2891
주말,2,홍천군,부산,True,False,6.5,13
주말,2,홍천군,대구,True,False,16.0,32
주말,2,홍천군,인천,True,False,172.0,344
주말,2,홍천군,광주,True,False,2.0,4
주말,2,홍천군,대전,True,False,22.5,45
주말,2,홍천군,울산,True,False,3.0,6
주말,2,홍천군,세종,True,False,10.5,21
주말,2,홍천군,경기,True,False,3792.0,7584
주말,2,홍천군,충북,True,False,122.5,245
주말,2,홍천군,충남,True,False,43.5,87
주말,2,홍천군,전북,True,False,10.5,21
주말,2,홍천군,전남,True,False,3.0,6
주말,2,홍천군,경북,True,False,35.0,70
주말,2,홍천군,경남,True,False,9.0,18
주말,2,횡성군,서울,True,False,547.0,1094
주말,2,횡성군,부산,True,False,3.0,6
주말,2,횡성군,대구,True,False,13.5,27
주말,2,횡성군,인천,True,False,112.0,224
주말,2,횡성군,광주,True,False,2.0,4
주말,2,횡성군,대전,True,False,14.5,29
주말,2,횡성군,울산,True,False,2.5,5
주말,2,횡성군,세종,True,False,7.0,14
주말,2,횡성군,경기,True,False,1918.0,3836
주말,2,횡성군,충북,True,False,142.5,285
주말,2,횡성군,충남,True,False,39.0,78
주말,2,횡성군,전북,True,False,4.5,9
주말,2,횡성군,전남,True,False,5.5,11
주말,2,횡성군,경북,True,False,41.5,83
주말,2,횡성군,경남,True,False,4.5,9
주말,2,영월군,서울,True,False,193.5,387
주말,2,영월군,부산,True,False,5.0,10
주말,2,영월군,대구,True,False,12.5,25
주말,2,영월군,인천,True,False,43.0,86
주말,2,영월군,광주,True,False,1.5,3
주말,2,영월군,대전,True,False,10.0,20
주말,2,영월군,울산,True,False,3.0,6
주말,2,영월군,세종,True,False,5.0,10
주말,2,영월군,경기,True,False,646.5,1293
주말,2,영월군,충북,True,False,852.0,1704
주말,2,영월군,충남,True,False,34.0,68
주말,2,영월군,전북,True,False,6.5,13
주말,2,영월군,전남,True,False,3.0,6
주말,2,영월군,경북,True,False,97.5,195
주말,2,영월군,경남,True,False,6.5,13
주말,2,평창군,서울,True,False,479.5,959
주말,2,평창군,부산,True,False,6.5,13
주말,2,평창군,대구,True,False,12.5,25
주말,2,평창군,인천,True,False,88.0,176
주말,2,평창군,광주,True,False,3.0,6
주말,2,평창군,대전,True,False,20.5,41
주말,2,평창군,울산,True,False,5.0,10
주말,2,평창군,세종,True,False,6.5,13
주말,2,평창군,경기,True,False,1543.0,3086
주말,2,평창군,충북,True,False,148.0,296
주말,2,평창군,충남,True,False,40.0,80
주말,2,평창군,전북,True,False,5.5,11
주말,2,평창군,전남,True,False,2.5,5
주말,2,평창군,경북,True,False,49.0,98
주말,2,평창군,경남,True,False,8.0,16
주말,2,정선군,서울,True,False,207.0,414
주말,2,정선군,부산,True,False,11.0,22
주말,2,정선군,대구,True,False,21.0,42
주말,2,정선군,인천,True,False,52.0,104
주말,2,정선군,광주,True,False,1.5,3
주말,2,정선군,대전,True,False,11.5,23
주말,2,정선군,울산,True,False,7.0,14
주말,2,정선군,세종,True,False,5.5,11
주말,2,정선군,경기,True,False,578.0,1156
주말,2,정선군,충북,True,False,326.5,653
주말,2,정선군,충남,True,False,40.5,81
주말,2,정선군,전북,True,False,4.5,9
주말,2,정선군,전남,True,False,3.0,6
주말,2,정선군,경북,True,False,124.5,249
주말,2,정선군,경남,True,False,11.0,22
주말,2,철원군,서울,True,False,662.0,1324
주말,2,철원군,부산,True,False,1.5,3
주말,2,철원군,대구,True,False,4.0,8
주말,2,철원군,인천,True,False,116.0,232
주말,2,철원군,광주,True,False,0.0,0
주말,2,철원군,대전,True,False,7.0,14
주말,2,철원군,울산,True,False,0.5,1
주말,2,철원군,세종,True,False,2.0,4
주말,2,철원군,경기,True,False,2963.5,5927
주말,2,철원군,충북,True,False,21.0,42
주말,2,철원군,충남,True,False,17.0,34
주말,2,철원군,전북,True,False,5.0,10
주말,2,철원군,전남,True,False,2.5,5
주말,2,철원군,경북,True,False,11.0,22
주말,2,철원군,경남,True,False,4.0,8
주말,2,화천군,서울,True,False,141.5,283
주말,2,화천군,부산,True,False,0.5,1
주말,2,화천군,대구,True,False,3.5,7
주말,2,화천군,인천,True,False,29.5,59
주말,2,화천군,광주,True,False,1.5,3
주말,2,화천군,대전,True,False,3.5,7
주말,2,화천군,울산,True,False,0.5,1
주말,2,화천군,세종,True,False,0.5,1
주말,2,화천군,경기,True,False,480.0,960
주말,2,화천군,충북,True,False,14.5,29
주말,2,화천군,충남,True,False,8.0,16
주말,2,화천군,전북,True,False,4.5,9
주말,2,화천군,전남,True,False,1.5,3
주말,2,화천군,경북,True,False,4.5,9
주말,2,화천군,경남,True,False,0.5,1
주말,2,양구군,서울,True,False,93.5,187
주말,2,양구군,부산,True,False,0.5,1
주말,2,양구군,대구,True,False,2.0,4
주말,2,양구군,인천,True,False,10.5,21
주말,2,양구군,광주,True,False,0.0,0
주말,2,양구군,대전,True,False,3.5,7
주말,2,양구군,울산,True,False,1.5,3
주말,2,양구군,세종,True,False,0.5,1
주말,2,양구군,경기,True,False,182.5,365
주말,2,양구군,충북,True,False,7.5,15
주말,2,양구군,충남,True,False,3.5,7
주말,2,양구군,전북,True,False,0.5,1
주말,2,양구군,전남,True,False,0.0,0
주말,2,양구군,경북,True,False,3.0,6
주말,2,양구군,경남,True,False,3.5,7
주말,2,인제군,서울,True,False,479.0,958
주말,2,인제군,부산,True,False,4.5,9
주말,2,인제군,대구,True,False,11.0,22
주말,2,인제군,인천,True,False,78.5,157
주말,2,인제군,광주,True,False,2.5,5
주말,2,인제군,대전,True,False,15.5,31
주말,2,인제군,울산,True,False,1.5,3
주말,2,인제군,세종,True,False,2.0,4
주말,2,인제군,경기,True,False,1249.5,2499
주말,2,인제군,충북,True,False,54.0,108
주말,2,인제군,충남,True,False,23.5,47
주말,2,인제군,전북,True,False,5.0,10
주말,2,인제군,전남,True,False,5.0,10
주말,2,인제군,경북,True,False,31.0,62
주말,2,인제군,경남,True,False,10.0,20
주말,2,고성군,서울,True,False,222.5,445
주말,2,고성군,부산,True,False,0.5,1
주말,2,고성군,대구,True,False,1.0,2
주말,2,고성군,인천,True,False,22.5,45
주말,2,고성군,광주,True,False,2.0,4
주말,2,고성군,대전,True,False,6.0,12
주말,2,고성군,울산,True,False,1.5,3
주말,2,고성군,세종,True,False,2.0,4
주말,2,고성군,경기,True,False,463.5,927
주말,2,고성군,충북,True,False,16.0,32
주말,2,고성군,충남,True,False,8.0,16
주말,2,고성군,전북,True,False,1.5,3
주말,2,고성군,전남,True,False,0.0,0
주말,2,고성군,경북,True,False,8.0,16
주말,2,고성군,경남,True,False,2.0,4
주말,2,양양군,서울,True,False,428.5,857
주말,2,양양군,부산,True,False,4.5,9
주말,2,양양군,대구,True,False,8.0,16
주말,2,양양군,인천,True,False,54.5,109
주말,2,양양군,광주,True,False,0.0,0
주말,2,양양군,대전,True,False,9.0,18
주말,2,양양군,울산,True,False,4.0,8
주말,2,양양군,세종,True,False,1.5,3
주말,2,양양군,경기,True,False,858.0,1716
주말,2,양양군,충북,True,False,36.5,73
주말,2,양양군,충남,True,False,24.0,48
주말,2,양양군,전북,True,False,3.0,6
주말,2,양양군,전남,True,False,1.0,2
주말,2,양양군,경북,True,False,45.0,90
주말,2,양양군,경남,True,False,4.5,9
